{
  "name": "arrow_rotation",
  "title": "Arrow Rotation",
  "description": "Rotates Tokens based on the arrow keys. WASD kept for movement.",
  "version": "1.0",
  "author": "Spartina",
  "esmodules": [ "arrow_rotation.js" ],
  "compatibleCoreVersion": "0.6.3",
  "minimumCoreVersion": "0.6.0",
  "manifest": "https://raw.githubusercontent.com/Spartan075/easy-rotation/master/module.json",
  "download": "https://github.com/eadorin/about-face/archive/master.zip",
  "url": "https://github.com/eadorin/about-face",
  "changelog": "https:github.com/eadorin/about-face/blob/v1.1/changelog.md",
  "languages": [
    {
      "lang": "en",
      "name": "English",
      "path": "lang/en.json"
    }
  ]
}